ip_address,failed_attempts,time_of_login,country,login_frequency,label
131.112.134.239,0,13,CA,7,0
100.179.6.122,7,1,CN,127,1
153.212.112.248,17,0,CN,170,1
46.4.106.112,5,4,IR,144,1
126.37.67.79,7,0,IR,136,1
203.53.92.139,20,3,KP,196,1
79.251.231.15,11,4,RU,103,1
118.38.15.248,0,17,CA,5,0
149.5.147.23,9,2,KP,194,1
61.96.172.213,1,18,US,10,0
191.110.233.125,1,15,FR,4,0
152.67.179.75,14,4,RU,117,1
165.136.120.208,18,4,KP,185,1
90.117.21.150,2,12,FR,6,0
113.103.75.5,2,18,DE,3,0
92.122.222.227,20,1,KP,99,1
207.20.112.85,5,0,IR,176,1
55.96.147.36,0,15,CA,9,0
94.227.22.197,17,0,IR,102,1
152.82.170.5,6,4,RU,180,1
25.80.177.219,2,11,FR,8,0
147.34.164.253,19,0,IR,102,1
56.252.61.179,20,3,IR,159,1
111.60.98.94,5,0,RU,71,1
143.150.170.126,1,18,UK,7,0
45.10.9.0,2,17,US,1,0
114.44.160.90,2,10,FR,8,0
12.181.187.162,2,10,CA,7,0
204.148.174.174,18,1,CN,76,1
179.15.112.102,0,13,UK,3,0
206.106.164.52,2,11,UK,1,0
75.203.201.123,10,1,IR,121,1
36.80.114.213,2,13,UK,9,0
220.205.118.147,5,2,RU,171,1
203.145.212.162,15,2,RU,176,1
49.254.24.177,0,10,CA,3,0
7.217.67.23,20,3,KP,91,1
97.87.173.247,19,0,RU,129,1
134.102.72.7,12,5,CN,69,1
120.63.14.87,18,0,RU,64,1
216.6.42.60,8,5,IR,64,1
42.223.211.30,18,0,IR,194,1
136.212.223.222,6,0,RU,192,1
104.68.119.199,19,3,RU,60,1
95.132.50.191,2,16,FR,10,0
130.15.3.175,10,5,CN,198,1
158.93.44.252,9,0,IR,62,1
31.241.147.133,2,17,UK,2,0
168.236.198.17,14,2,IR,128,1
21.85.32.224,2,8,UK,5,0
82.151.53.134,2,13,CA,7,0
106.80.224.38,17,2,IR,179,1
163.223.195.225,18,3,IR,160,1
56.235.59.189,10,4,CN,109,1
90.205.158.155,7,3,KP,98,1
195.24.196.40,5,4,KP,155,1
179.238.44.255,8,1,CN,173,1
57.226.198.29,15,5,RU,131,1
131.190.251.131,0,12,FR,5,0
194.212.107.105,2,8,US,6,0
135.84.215.200,6,2,RU,81,1
126.35.252.73,0,10,FR,7,0
141.190.212.15,0,8,UK,2,0
148.193.252.47,14,4,CN,172,1
6.68.207.92,0,9,CA,7,0
164.101.206.108,5,4,KP,140,1
23.230.65.36,1,15,UK,8,0
65.45.112.107,15,4,KP,50,1
185.1.153.146,2,8,DE,2,0
8.62.17.239,0,9,CA,3,0
26.135.171.50,2,15,US,6,0
193.55.71.111,1,8,FR,6,0
63.89.231.141,0,9,DE,8,0
76.80.184.125,14,4,RU,62,1
166.212.127.230,15,4,RU,97,1
23.105.254.214,0,15,DE,9,0
103.206.177.193,19,5,CN,117,1
93.83.53.74,19,5,RU,74,1
75.85.106.61,1,18,FR,10,0
179.80.156.106,0,18,UK,8,0
101.246.212.131,1,8,FR,1,0
212.94.77.37,0,9,UK,4,0
217.203.134.18,1,17,FR,5,0
59.0.198.40,19,4,CN,55,1
67.104.239.32,13,3,CN,168,1
140.15.165.189,1,9,US,7,0
40.205.67.36,11,0,IR,133,1
9.237.212.105,19,3,IR,115,1
6.120.36.37,8,0,CN,186,1
118.151.198.62,0,10,FR,7,0
159.66.177.38,6,3,KP,57,1
143.228.123.100,20,5,RU,180,1
179.73.135.174,0,8,UK,10,0
42.213.26.64,9,3,KP,170,1
102.249.9.175,19,3,KP,77,1
218.61.22.90,9,5,CN,162,1
179.190.0.180,12,3,RU,140,1
34.127.134.135,15,4,KP,127,1
104.172.95.76,7,3,IR,181,1
210.16.178.33,12,2,RU,197,1
32.13.67.232,18,3,KP,146,1
126.90.84.186,11,5,KP,58,1
63.122.168.70,15,3,KP,142,1
56.191.135.68,2,8,US,5,0
22.190.191.115,16,0,IR,105,1
8.203.74.210,2,9,CA,1,0
138.203.145.129,17,3,CN,104,1
92.11.1.197,2,11,CA,5,0
100.213.10.114,1,11,UK,1,0
103.32.9.238,1,14,DE,6,0
110.137.185.28,11,1,RU,174,1
214.33.148.234,18,1,CN,58,1
93.11.97.210,20,0,RU,70,1
138.169.105.176,10,5,RU,118,1
44.236.209.205,12,2,KP,51,1
173.224.44.48,10,3,IR,167,1
36.145.80.62,1,17,US,2,0
198.200.95.94,9,1,IR,58,1
165.66.115.131,2,16,UK,9,0
68.178.167.5,2,16,FR,2,0
112.238.102.176,5,0,IR,122,1
46.148.71.120,8,4,KP,162,1
115.63.144.18,2,15,CA,7,0
176.190.149.242,2,13,US,8,0
118.127.243.191,18,2,RU,126,1
134.108.15.73,10,3,CN,199,1
190.158.161.170,2,12,US,10,0
72.100.68.231,12,5,IR,62,1
126.165.83.4,10,4,CN,191,1
209.239.109.81,0,15,US,1,0
132.113.211.96,0,13,UK,8,0
30.46.165.89,1,9,UK,6,0
174.12.241.145,20,4,IR,152,1
112.98.189.118,0,15,FR,9,0
172.15.165.0,0,16,DE,6,0
2.148.140.174,5,1,KP,98,1
85.116.118.118,12,0,IR,89,1
148.1.226.153,0,12,UK,8,0
98.141.173.221,0,9,CA,1,0
77.132.192.28,20,2,CN,64,1
57.67.25.254,0,9,CA,4,0
166.171.172.49,1,12,US,10,0
106.232.117.9,1,13,US,8,0
117.157.128.253,1,18,UK,3,0
178.64.114.200,6,1,KP,95,1
198.121.15.165,12,1,IR,188,1
83.43.224.25,0,11,DE,1,0
25.120.62.204,1,18,UK,10,0
68.171.215.61,19,5,CN,110,1
120.58.2.192,15,4,RU,117,1
13.241.148.59,12,4,RU,190,1
74.4.0.211,1,17,DE,8,0
213.54.71.250,10,5,IR,57,1
100.201.245.150,2,16,DE,9,0
66.46.76.240,11,5,KP,119,1
123.144.67.35,2,12,UK,7,0
152.142.224.62,20,0,CN,163,1
125.35.93.230,0,16,DE,5,0
112.246.206.59,8,3,RU,75,1
54.99.221.111,2,17,UK,9,0
211.70.243.180,2,12,US,4,0
214.40.73.83,11,2,RU,82,1
62.31.183.24,2,13,US,9,0
3.252.93.150,1,17,DE,5,0
103.184.190.13,17,3,KP,68,1
49.106.27.124,0,16,FR,7,0
122.2.125.255,0,16,US,3,0
182.196.135.175,1,8,UK,1,0
208.73.2.181,6,1,CN,68,1
14.124.180.32,14,4,IR,108,1
221.41.40.195,0,8,FR,7,0
22.157.196.221,1,12,FR,6,0
188.100.37.159,16,5,IR,77,1
161.19.65.110,11,1,RU,112,1
223.239.85.161,0,15,CA,1,0
61.67.180.65,7,3,KP,183,1
4.200.85.57,9,3,IR,73,1
176.66.50.226,15,1,KP,57,1
24.223.135.107,2,17,UK,7,0
131.36.66.255,19,5,RU,195,1
146.186.200.240,11,5,IR,182,1
140.131.42.56,16,0,RU,134,1
20.227.115.209,15,1,IR,157,1
55.28.64.15,0,15,DE,8,0
169.134.174.179,13,1,RU,170,1
53.160.111.156,2,13,CA,5,0
64.132.54.213,5,1,IR,107,1
17.248.173.51,8,2,RU,116,1
44.9.143.152,1,16,CA,6,0
54.161.33.169,10,5,RU,166,1
199.77.211.164,1,13,US,8,0
134.41.173.18,1,14,DE,10,0
35.1.9.250,2,17,FR,9,0
42.211.185.230,10,5,CN,172,1
135.37.192.229,2,11,DE,9,0
43.69.233.188,11,2,RU,165,1
186.248.75.2,2,17,UK,5,0
77.9.157.133,2,12,CA,1,0
74.236.252.184,6,2,KP,86,1
134.83.9.91,13,0,KP,191,1
134.14.45.55,1,9,DE,10,0
27.252.244.150,1,17,CA,3,0
105.214.176.52,16,1,IR,84,1
184.105.177.92,0,16,CA,8,0
141.80.27.215,11,2,CN,156,1
119.218.252.77,12,3,CN,185,1
214.40.144.211,13,1,IR,83,1
193.42.81.151,5,3,KP,131,1
68.163.115.195,0,18,US,3,0
32.115.47.99,9,1,CN,74,1
208.165.247.112,2,9,FR,3,0
147.67.119.233,20,3,CN,65,1
186.249.36.47,1,18,CA,1,0
90.181.41.49,17,4,RU,150,1
104.156.42.123,18,4,CN,112,1
104.122.154.224,0,13,CA,1,0
2.182.216.188,20,4,IR,196,1
79.69.120.94,0,16,DE,2,0
105.13.254.94,5,5,RU,70,1
178.198.226.207,1,9,CA,5,0
103.226.149.94,2,9,FR,3,0
22.79.71.26,11,0,RU,144,1
65.203.51.133,2,8,CA,2,0
193.74.48.130,8,5,KP,54,1
189.89.17.95,15,4,CN,140,1
218.43.72.42,6,5,CN,188,1
89.23.238.213,6,2,CN,92,1
97.68.233.68,13,2,IR,53,1
207.158.78.119,15,2,RU,180,1
68.124.168.28,2,12,DE,4,0
43.178.86.17,1,12,UK,3,0
80.26.70.177,5,1,RU,110,1
166.87.200.6,0,11,CA,6,0
92.182.31.116,15,1,CN,146,1
216.197.239.53,0,8,FR,3,0
26.16.43.48,19,2,RU,168,1
18.26.162.71,15,3,CN,175,1
202.12.182.230,15,2,CN,178,1
188.9.127.42,0,15,DE,3,0
20.156.79.37,0,14,US,2,0
55.251.186.235,11,4,CN,108,1
116.28.123.183,19,0,IR,184,1
88.186.5.31,16,0,IR,160,1
34.205.66.227,19,2,IR,170,1
66.197.132.210,6,2,RU,128,1
204.84.138.79,16,2,CN,111,1
173.152.191.144,2,13,US,4,0
172.62.152.15,17,2,RU,99,1
108.179.196.181,2,9,UK,8,0
146.240.63.178,0,14,DE,6,0
123.39.220.16,2,13,CA,3,0
132.5.200.49,1,9,FR,8,0
193.113.140.60,1,9,CA,1,0
141.255.228.166,9,3,CN,118,1
76.46.40.0,0,14,CA,5,0
138.196.88.34,20,3,CN,86,1
20.92.32.186,9,0,RU,102,1
125.165.225.222,1,15,CA,2,0
33.64.80.218,2,13,CA,2,0
105.119.130.37,2,14,DE,4,0
56.169.254.130,13,4,CN,154,1
125.98.139.225,1,18,US,3,0
99.246.100.120,1,18,FR,8,0
67.86.35.131,2,14,CA,2,0
100.182.226.120,2,9,US,3,0
37.45.229.1,0,16,FR,7,0
148.126.31.98,13,4,IR,188,1
195.223.41.29,12,2,RU,199,1
203.176.40.178,2,10,FR,7,0
154.151.115.202,18,1,KP,164,1
189.34.160.76,6,3,KP,141,1
218.58.19.48,2,10,CA,2,0
89.87.164.47,19,0,IR,123,1
179.73.51.193,6,4,RU,175,1
164.4.200.127,0,18,UK,10,0
18.83.190.29,19,2,KP,195,1
113.187.213.127,0,8,FR,4,0
16.151.3.10,10,1,KP,61,1
118.117.90.144,13,5,RU,86,1
76.124.91.101,1,8,US,5,0
85.158.175.8,1,18,CA,1,0
166.174.155.11,8,1,CN,158,1
150.223.80.163,0,8,US,8,0
58.12.148.16,15,4,KP,79,1
19.217.92.141,2,8,UK,6,0
163.46.183.143,2,11,US,4,0
117.217.175.215,14,3,IR,111,1
123.99.164.227,1,12,UK,1,0
157.156.178.235,11,3,IR,175,1
207.63.77.106,7,5,RU,86,1
78.5.219.251,10,5,KP,147,1
67.188.156.38,19,0,CN,57,1
82.231.46.118,10,3,CN,87,1
75.152.94.166,12,4,RU,64,1
62.200.129.227,0,14,DE,9,0
179.67.73.211,10,5,IR,199,1
69.233.172.144,2,8,UK,5,0
132.75.10.72,16,3,KP,68,1
97.134.62.109,19,1,IR,120,1
26.160.230.66,1,13,US,4,0
219.126.23.209,9,2,IR,194,1
198.177.122.74,2,16,US,1,0
144.102.194.214,15,0,KP,160,1
162.168.232.218,15,2,KP,175,1
47.19.25.173,1,9,DE,9,0
107.227.78.96,1,9,FR,7,0
50.9.35.79,17,3,IR,168,1
120.100.64.43,0,12,FR,9,0
109.196.16.12,1,11,DE,3,0
222.85.16.143,2,13,FR,2,0
44.62.180.15,12,3,RU,163,1
18.143.81.142,7,2,RU,53,1
159.184.204.185,2,12,DE,8,0
82.247.154.170,18,2,CN,141,1
65.255.30.55,1,9,UK,5,0
169.79.130.19,1,8,UK,9,0
215.22.39.230,12,2,RU,99,1
137.246.124.233,8,2,RU,198,1
76.164.139.109,14,1,CN,133,1
185.46.99.187,1,11,UK,4,0
163.208.76.127,1,15,FR,3,0
140.210.157.254,0,16,UK,1,0
218.76.236.187,20,4,IR,164,1
80.218.237.59,5,3,KP,118,1
133.9.231.147,9,2,IR,83,1
164.6.138.151,16,2,KP,171,1
213.63.54.224,1,10,US,9,0
52.107.217.111,18,1,IR,146,1
152.248.193.223,1,12,FR,1,0
10.52.112.82,0,11,CA,7,0
128.38.161.22,1,15,UK,1,0
17.195.236.187,18,0,RU,98,1
10.37.41.221,19,5,KP,141,1
214.93.67.216,1,12,US,3,0
20.35.63.158,8,1,RU,144,1
145.114.192.228,0,16,FR,10,0
130.120.32.78,10,4,KP,96,1
52.123.78.35,13,3,CN,174,1
148.134.124.45,5,1,CN,84,1
104.40.98.140,1,14,US,2,0
75.202.78.30,11,1,RU,136,1
190.207.67.88,2,13,UK,8,0
220.161.240.206,2,11,FR,10,0
133.252.87.115,1,10,CA,6,0
76.174.252.137,15,1,CN,91,1
69.40.225.254,6,0,RU,184,1
50.120.67.233,19,5,IR,97,1
176.62.185.125,5,1,IR,131,1
166.97.141.237,2,17,DE,3,0
128.197.218.71,5,4,CN,101,1
98.70.104.96,2,10,UK,2,0
8.90.37.228,16,0,CN,177,1
134.150.241.216,18,0,KP,127,1
144.81.139.70,18,1,KP,108,1
35.233.238.164,17,3,CN,182,1
30.164.93.231,2,15,US,10,0
30.49.203.131,11,5,RU,75,1
70.2.159.230,6,5,RU,123,1
109.128.191.188,17,5,CN,116,1
81.149.124.111,1,8,US,7,0
104.129.57.15,15,2,IR,72,1
132.192.207.10,2,18,UK,9,0
135.182.124.151,1,15,CA,8,0
155.17.77.216,12,5,CN,98,1
66.69.17.149,5,1,CN,194,1
205.27.176.60,11,3,IR,172,1
197.242.79.160,1,16,CA,8,0
121.35.22.230,1,9,DE,7,0
59.96.22.104,18,3,RU,196,1
70.238.126.71,0,16,US,5,0
180.89.34.93,0,18,FR,10,0
147.37.202.141,5,2,KP,167,1
97.15.74.243,1,13,CA,7,0
156.223.175.95,1,9,FR,9,0
65.67.32.101,0,11,UK,5,0
79.47.195.106,0,8,DE,8,0
94.97.55.184,2,18,UK,8,0
182.159.174.20,1,17,UK,7,0
197.245.132.88,2,8,CA,8,0
107.191.20.2,2,15,CA,1,0
206.202.159.21,2,11,DE,7,0
49.166.4.58,1,18,CA,6,0
13.28.99.112,0,13,FR,10,0
4.42.101.39,0,16,US,1,0
49.74.117.33,20,2,KP,135,1
74.60.150.99,10,3,RU,156,1
132.80.149.58,1,10,UK,9,0
19.247.83.119,19,5,KP,93,1
50.11.78.63,12,5,KP,135,1
136.96.155.58,15,1,KP,90,1
130.199.16.219,20,2,CN,146,1
90.214.116.90,6,3,CN,95,1
143.117.122.65,9,0,CN,85,1
85.49.119.192,16,2,IR,113,1
151.242.221.78,1,8,FR,5,0
110.215.85.246,7,2,IR,81,1
220.153.231.70,13,1,CN,182,1
126.236.187.184,18,0,RU,85,1
183.68.111.112,9,0,RU,153,1
19.234.155.200,1,15,CA,4,0
218.134.4.59,2,8,UK,3,0
141.133.194.22,2,8,DE,1,0
21.201.39.137,6,1,IR,147,1
173.234.52.240,13,0,RU,127,1
204.118.15.155,10,5,KP,166,1
43.218.12.228,1,16,US,3,0
3.195.140.0,19,1,RU,89,1
50.199.227.31,0,16,CA,10,0
38.18.118.231,13,4,IR,178,1
35.218.215.72,13,3,RU,104,1
146.200.54.28,1,17,US,5,0
212.181.233.78,1,9,CA,9,0
163.22.176.29,11,2,CN,194,1
200.206.113.163,17,5,KP,190,1
25.228.198.91,2,10,FR,6,0
29.102.136.126,2,18,UK,8,0
60.164.246.178,0,15,FR,4,0
39.2.167.176,1,16,FR,2,0
174.106.59.41,2,10,UK,6,0
149.250.185.147,8,4,KP,58,1
50.51.116.194,1,13,DE,2,0
114.158.91.253,17,3,CN,56,1
201.90.104.65,15,3,KP,55,1
54.117.32.167,1,11,CA,9,0
78.201.238.255,5,2,KP,184,1
192.153.75.170,17,2,IR,174,1
188.1.202.181,12,4,KP,52,1
24.94.37.114,13,5,CN,88,1
150.145.53.29,1,14,UK,8,0
60.198.254.65,0,18,US,8,0
154.220.128.192,1,10,DE,5,0
121.30.68.210,13,0,RU,71,1
101.42.195.202,10,5,CN,185,1
98.16.60.205,13,1,KP,182,1
165.237.104.128,8,0,KP,70,1
179.105.251.184,2,8,DE,5,0
151.124.56.65,2,10,DE,10,0
32.103.138.127,17,4,CN,154,1
99.96.227.33,14,5,IR,82,1
17.55.71.174,14,3,KP,52,1
192.199.112.146,13,1,KP,168,1
152.12.186.90,6,1,KP,127,1
41.189.72.174,0,9,US,8,0
42.42.43.212,0,18,DE,9,0
200.140.217.166,2,9,DE,2,0
24.56.195.50,16,0,KP,181,1
201.79.21.153,15,5,KP,57,1
62.82.40.202,7,5,CN,82,1
63.28.56.173,2,9,CA,1,0
217.250.63.136,0,11,DE,6,0
25.242.124.213,18,5,IR,122,1
104.65.50.233,10,0,KP,143,1
59.147.93.36,0,9,UK,5,0
3.153.52.177,0,18,DE,4,0
111.196.20.186,0,8,CA,8,0
203.124.107.200,9,5,RU,52,1
201.124.56.135,15,0,CN,182,1
68.177.2.138,0,11,CA,9,0
210.254.19.196,6,4,RU,65,1
46.187.180.206,19,4,CN,163,1
146.76.207.84,1,10,CA,7,0
189.88.102.144,11,4,IR,78,1
201.45.24.151,17,1,KP,124,1
206.77.1.152,2,17,UK,6,0
15.152.107.67,18,2,RU,84,1
170.234.251.145,1,18,US,5,0
125.170.158.19,20,4,KP,164,1
8.101.169.8,1,15,DE,6,0
38.183.47.73,14,0,KP,176,1
96.222.200.161,6,4,CN,189,1
107.168.226.230,15,2,CN,90,1
19.30.33.113,0,12,CA,10,0
99.28.205.11,0,17,US,9,0
96.47.151.210,1,13,FR,3,0
185.107.148.107,5,5,KP,162,1
191.81.66.9,1,13,US,9,0
91.13.75.158,17,1,CN,55,1
123.75.143.12,20,5,KP,67,1
65.92.27.201,9,3,CN,83,1
32.208.187.82,9,1,IR,90,1
161.118.22.54,0,9,FR,5,0
216.168.228.84,16,0,RU,95,1
160.134.175.40,0,9,FR,5,0
25.4.217.155,11,1,IR,69,1
104.204.112.94,0,12,FR,10,0
166.127.142.228,2,15,DE,8,0
161.59.215.203,7,4,KP,139,1
122.157.202.193,9,4,RU,140,1
106.69.33.165,0,15,DE,4,0
82.52.16.31,14,2,KP,92,1
64.228.214.16,0,12,CA,10,0
46.50.229.99,12,2,IR,198,1
160.109.243.37,0,16,DE,9,0
85.47.60.193,15,2,KP,178,1
87.198.152.62,19,1,RU,87,1
191.114.24.14,2,17,DE,6,0
50.95.246.127,20,2,CN,126,1
171.165.157.25,0,10,UK,8,0
78.165.73.242,8,2,CN,75,1
187.176.156.83,15,5,KP,176,1
