ip_address,request_count_per_min,port_number,packet_size,protocol,duration,label,attack_type
176.147.5.184,10,80,862,HTTP,18,0,Normal
208.218.243.169,35,443,941,HTTP,90,0,Normal
156.127.126.152,15,443,699,TCP,280,0,Normal
184.47.43.205,156,35289,148,ICMP,39,2,Probe
215.170.36.239,49,80,1444,ICMP,78,0,Normal
116.154.39.73,980,8080,9,UDP,9,1,DoS
115.50.215.91,757,80,21,TCP,10,1,DoS
117.161.79.101,192,52819,62,UDP,34,2,Probe
38.66.220.145,51,22,150,ICMP,48,3,BruteForce
20.52.132.117,280,35818,133,ICMP,117,2,Probe
79.239.65.183,59,21,184,TCP,41,3,BruteForce
125.10.80.49,849,443,79,UDP,6,1,DoS
137.77.55.31,189,1840,172,HTTP,98,2,Probe
36.211.184.219,96,3389,493,HTTPS,36,3,BruteForce
212.71.171.55,164,44093,54,ICMP,105,2,Probe
185.3.61.57,1597,443,38,TCP,6,1,DoS
6.84.48.115,1026,443,23,HTTP,3,1,DoS
91.107.248.132,211,39570,192,HTTP,80,2,Probe
104.22.29.129,145,3389,164,ICMP,34,3,BruteForce
36.56.198.248,63,21,430,HTTPS,20,3,BruteForce
19.38.117.137,147,21,165,ICMP,10,3,BruteForce
82.163.35.176,245,36029,146,HTTPS,120,2,Probe
85.238.252.230,86,22,315,HTTP,47,3,BruteForce
99.203.50.177,5,80,1350,HTTP,46,0,Normal
188.164.110.159,71,21,486,ICMP,60,3,BruteForce
2.103.63.179,177,41330,96,UDP,43,2,Probe
159.156.187.57,84,3389,133,UDP,26,3,BruteForce
185.118.93.128,674,443,89,UDP,10,1,DoS
66.109.89.43,45,443,1106,HTTPS,33,0,Normal
20.212.115.123,199,22485,149,HTTP,85,2,Probe
31.219.91.162,98,22,168,HTTPS,21,3,BruteForce
84.166.194.181,1082,8080,36,TCP,10,1,DoS
129.224.76.130,751,443,35,TCP,2,1,DoS
82.175.231.219,48,443,1270,HTTP,53,0,Normal
201.26.207.35,203,48691,123,HTTPS,45,2,Probe
222.204.233.147,1603,80,100,HTTPS,8,1,DoS
41.224.121.209,689,443,64,TCP,10,1,DoS
171.215.195.23,209,53902,151,ICMP,74,2,Probe
70.188.83.25,188,39803,165,HTTP,110,2,Probe
191.51.210.77,786,8080,69,ICMP,4,1,DoS
217.253.183.252,922,8080,4,TCP,6,1,DoS
124.43.182.95,201,7052,148,TCP,118,2,Probe
145.98.65.11,294,11717,77,TCP,66,2,Probe
17.236.85.206,29,443,1301,TCP,154,0,Normal
103.31.226.154,1915,8080,6,HTTPS,2,1,DoS
134.18.142.47,21,443,618,HTTP,169,0,Normal
89.242.114.58,106,45954,132,HTTPS,31,2,Probe
155.146.0.36,178,9279,123,UDP,83,2,Probe
8.151.50.186,2,443,1487,HTTPS,189,0,Normal
151.33.198.191,754,80,40,UDP,5,1,DoS
104.182.156.23,1953,8080,64,UDP,7,1,DoS
104.196.153.125,1914,80,68,HTTP,2,1,DoS
83.183.138.225,147,3389,406,ICMP,56,3,BruteForce
191.17.10.103,12,443,1293,HTTP,95,0,Normal
74.10.10.39,41,80,1068,HTTPS,200,0,Normal
164.95.19.235,240,16327,142,ICMP,31,2,Probe
52.84.142.205,145,3389,426,ICMP,49,3,BruteForce
72.54.8.159,766,8080,21,ICMP,1,1,DoS
39.61.59.153,31,443,1017,ICMP,9,0,Normal
123.86.151.116,238,57404,151,ICMP,82,2,Probe
161.240.185.235,129,22,439,HTTPS,16,3,BruteForce
86.74.148.66,1403,80,9,ICMP,4,1,DoS
1.234.175.77,209,54009,100,UDP,85,2,Probe
202.166.228.251,33,80,1248,TCP,144,0,Normal
191.224.109.56,148,47514,163,UDP,67,2,Probe
203.236.190.42,110,21,277,TCP,46,3,BruteForce
119.18.236.138,56,22,204,HTTP,57,3,BruteForce
39.144.49.26,1291,443,51,HTTPS,7,1,DoS
96.237.193.253,114,3389,110,HTTPS,22,3,BruteForce
184.0.131.249,261,16916,174,ICMP,108,2,Probe
153.157.25.75,1226,443,15,HTTPS,9,1,DoS
122.150.81.157,1213,8080,51,TCP,4,1,DoS
118.24.198.34,124,56446,60,HTTP,42,2,Probe
102.70.196.116,17,80,1430,ICMP,240,0,Normal
25.32.138.188,50,3389,335,HTTPS,31,3,BruteForce
4.80.32.206,124,22,399,UDP,13,3,BruteForce
152.137.188.180,153,41554,162,ICMP,39,2,Probe
192.73.177.58,87,22,284,HTTP,41,3,BruteForce
122.77.209.63,203,7456,138,HTTP,108,2,Probe
177.27.243.219,114,43182,81,UDP,107,2,Probe
203.87.90.146,1933,80,55,UDP,7,1,DoS
157.66.127.185,1001,80,39,HTTPS,5,1,DoS
21.14.89.195,83,21,313,ICMP,42,3,BruteForce
115.240.71.255,135,12293,163,UDP,90,2,Probe
212.192.176.30,120,22,222,UDP,20,3,BruteForce
92.83.142.174,716,80,15,HTTPS,6,1,DoS
197.45.219.236,1946,443,98,UDP,9,1,DoS
29.79.73.97,211,22580,125,HTTP,36,2,Probe
183.98.197.96,54,21,345,TCP,36,3,BruteForce
103.171.184.240,134,22,108,HTTP,24,3,BruteForce
2.160.92.144,81,21,364,TCP,58,3,BruteForce
185.187.110.7,257,55798,99,ICMP,69,2,Probe
49.24.20.114,25,443,702,HTTP,4,0,Normal
113.145.140.212,131,45438,123,HTTP,63,2,Probe
143.179.182.42,28,443,1378,ICMP,126,0,Normal
200.210.56.164,67,22,398,UDP,60,3,BruteForce
162.174.224.255,153,57795,186,TCP,58,2,Probe
184.97.166.197,19,80,1030,TCP,129,0,Normal
56.63.235.34,299,9480,120,UDP,100,2,Probe
9.228.139.194,107,22,377,UDP,28,3,BruteForce
202.47.31.2,146,22,286,HTTPS,17,3,BruteForce
185.186.165.87,1440,443,88,HTTP,3,1,DoS
46.167.56.72,124,3389,136,ICMP,43,3,BruteForce
197.233.167.170,11,80,1030,ICMP,120,0,Normal
77.114.118.208,163,13402,97,HTTPS,71,2,Probe
79.244.156.164,159,30127,173,ICMP,96,2,Probe
17.84.194.101,107,22,486,ICMP,43,3,BruteForce
192.247.232.168,8,443,1108,HTTP,5,0,Normal
183.106.229.86,15,80,1327,HTTPS,269,0,Normal
32.186.169.105,608,80,49,TCP,10,1,DoS
30.67.166.185,23,80,655,HTTPS,24,0,Normal
122.108.203.163,119,41527,98,TCP,116,2,Probe
199.173.0.210,1315,80,76,HTTP,6,1,DoS
98.251.205.233,596,80,13,HTTPS,10,1,DoS
38.144.83.47,17,80,1014,UDP,224,0,Normal
104.56.154.132,1391,443,72,HTTPS,2,1,DoS
15.50.5.125,65,3389,424,UDP,27,3,BruteForce
165.182.172.7,91,22,408,HTTPS,60,3,BruteForce
169.158.249.104,128,22,316,HTTPS,45,3,BruteForce
1.209.134.239,99,21,406,HTTP,15,3,BruteForce
49.217.252.132,952,8080,82,TCP,7,1,DoS
130.152.123.226,69,3389,303,ICMP,57,3,BruteForce
112.6.130.169,98,21,419,ICMP,37,3,BruteForce
23.189.60.58,193,63125,121,UDP,54,2,Probe
12.182.75.243,1045,443,88,ICMP,2,1,DoS
42.146.165.124,44,443,1406,HTTPS,185,0,Normal
164.44.163.254,175,41130,140,TCP,88,2,Probe
21.115.81.94,63,22,394,HTTP,22,3,BruteForce
67.155.168.135,124,21,171,HTTPS,38,3,BruteForce
157.44.50.40,1,443,734,ICMP,160,0,Normal
39.247.196.144,89,21,336,TCP,44,3,BruteForce
167.175.131.142,59,21,282,UDP,20,3,BruteForce
54.161.16.251,1213,8080,45,HTTPS,10,1,DoS
6.117.82.247,566,80,28,HTTP,5,1,DoS
136.123.246.39,135,3389,150,HTTP,38,3,BruteForce
110.228.166.36,1413,443,25,HTTPS,4,1,DoS
108.76.99.132,75,22,479,ICMP,52,3,BruteForce
116.111.136.249,205,10479,162,ICMP,45,2,Probe
19.212.154.8,22,80,1458,HTTPS,297,0,Normal
14.87.46.119,140,58390,172,HTTP,60,2,Probe
50.102.89.189,2,80,1050,HTTPS,71,0,Normal
117.47.243.191,9,443,1482,UDP,179,0,Normal
153.179.176.180,1480,8080,30,HTTPS,7,1,DoS
199.141.228.76,215,55736,76,HTTP,66,2,Probe
54.42.226.188,262,10742,151,UDP,39,2,Probe
202.69.19.196,1968,443,94,HTTP,6,1,DoS
17.122.97.83,2,80,1254,ICMP,273,0,Normal
143.62.40.216,229,18032,103,UDP,46,2,Probe
132.209.27.229,103,31688,195,UDP,96,2,Probe
93.148.15.25,100,22,480,TCP,29,3,BruteForce
72.51.58.82,890,443,83,UDP,5,1,DoS
4.198.223.181,780,8080,50,ICMP,7,1,DoS
200.166.15.157,176,64588,186,TCP,104,2,Probe
69.180.51.193,176,27814,174,TCP,96,2,Probe
11.96.93.234,29,80,1077,TCP,191,0,Normal
122.34.247.16,83,22,331,HTTP,28,3,BruteForce
27.143.61.193,1753,80,94,TCP,1,1,DoS
87.107.227.204,119,22,295,HTTP,41,3,BruteForce
63.251.20.109,104,22,250,HTTPS,25,3,BruteForce
169.198.182.0,58,22,208,UDP,42,3,BruteForce
67.144.181.233,10,443,794,HTTP,203,0,Normal
108.25.66.211,234,32828,162,UDP,58,2,Probe
130.156.145.77,105,21,236,HTTP,51,3,BruteForce
178.141.250.58,265,23792,53,HTTPS,98,2,Probe
165.120.159.222,973,8080,82,HTTP,9,1,DoS
184.140.253.180,44,80,1321,UDP,215,0,Normal
211.195.204.24,23,80,1110,UDP,164,0,Normal
147.41.132.135,1468,8080,54,ICMP,10,1,DoS
110.80.186.195,734,443,60,HTTP,7,1,DoS
103.150.7.236,271,62087,84,UDP,118,2,Probe
158.178.46.212,207,36829,186,HTTPS,46,2,Probe
105.141.76.218,960,8080,64,HTTP,7,1,DoS
80.180.138.215,1601,8080,37,UDP,4,1,DoS
190.1.163.244,24,443,982,ICMP,94,0,Normal
65.157.216.212,14,80,1240,TCP,300,0,Normal
114.212.178.71,222,18898,88,TCP,31,2,Probe
131.24.245.165,270,45212,82,TCP,95,2,Probe
179.162.30.10,863,443,48,HTTP,6,1,DoS
155.249.62.128,1851,8080,30,TCP,3,1,DoS
13.105.169.34,26,80,830,ICMP,295,0,Normal
198.104.84.65,793,8080,31,HTTP,7,1,DoS
196.240.3.19,68,22,420,UDP,26,3,BruteForce
208.162.18.100,93,22,308,ICMP,21,3,BruteForce
162.85.33.161,78,3389,286,HTTPS,15,3,BruteForce
43.19.147.197,105,54822,135,TCP,81,2,Probe
169.231.91.17,40,80,967,HTTPS,109,0,Normal
195.254.8.110,16,443,767,ICMP,173,0,Normal
70.80.173.39,22,80,799,TCP,281,0,Normal
145.102.172.197,27,80,1406,UDP,146,0,Normal
104.255.75.94,559,80,95,HTTP,6,1,DoS
135.152.242.107,44,80,1039,ICMP,106,0,Normal
47.62.203.106,602,80,4,ICMP,2,1,DoS
214.78.27.154,29,80,1067,HTTP,48,0,Normal
41.254.168.216,167,55581,156,ICMP,106,2,Probe
192.90.32.37,108,53753,159,HTTPS,90,2,Probe
194.99.26.6,266,55384,157,HTTP,84,2,Probe
28.51.23.189,21,443,1287,HTTP,124,0,Normal
5.58.11.17,9,443,727,UDP,24,0,Normal
185.163.83.228,159,57458,160,ICMP,86,2,Probe
122.26.45.55,625,80,82,UDP,9,1,DoS
144.59.202.243,246,3817,67,HTTPS,90,2,Probe
192.98.25.84,29,80,1230,HTTP,14,0,Normal
24.142.52.96,221,21247,113,ICMP,104,2,Probe
199.38.69.238,1835,443,84,HTTP,7,1,DoS
7.148.249.49,1866,80,53,HTTPS,7,1,DoS
53.85.27.238,140,22,267,HTTP,26,3,BruteForce
143.80.199.84,143,22,365,HTTP,17,3,BruteForce
66.174.102.213,7,443,1172,HTTP,238,0,Normal
29.9.63.34,1256,80,81,TCP,5,1,DoS
152.36.178.229,888,8080,31,TCP,7,1,DoS
144.157.237.141,43,443,1320,HTTPS,177,0,Normal
135.123.77.171,528,80,71,HTTPS,10,1,DoS
8.66.71.19,274,58480,94,ICMP,50,2,Probe
166.11.217.154,138,22,169,UDP,31,3,BruteForce
50.251.72.80,40,80,860,TCP,292,0,Normal
196.180.221.19,37,443,1245,UDP,99,0,Normal
20.135.128.241,7,443,1114,HTTP,100,0,Normal
145.87.48.156,1290,443,30,ICMP,8,1,DoS
206.232.164.44,22,443,847,UDP,81,0,Normal
48.63.113.211,104,30491,173,TCP,109,2,Probe
171.135.122.52,1024,443,45,HTTPS,1,1,DoS
139.198.110.108,297,13921,53,HTTP,46,2,Probe
65.222.186.76,148,21,323,TCP,20,3,BruteForce
207.129.132.159,1217,80,43,TCP,9,1,DoS
222.182.62.211,212,5863,169,ICMP,47,2,Probe
35.227.76.169,284,29293,60,ICMP,109,2,Probe
211.249.111.254,1000,8080,96,ICMP,6,1,DoS
223.241.184.36,87,22,354,HTTP,19,3,BruteForce
26.241.144.83,1908,80,89,TCP,5,1,DoS
35.216.46.128,17,443,537,HTTP,298,0,Normal
78.111.158.57,103,30201,54,ICMP,120,2,Probe
57.153.251.136,46,80,760,HTTP,102,0,Normal
132.129.70.148,11,443,863,UDP,97,0,Normal
106.106.227.223,26,80,611,HTTPS,116,0,Normal
20.71.33.162,154,51397,57,ICMP,89,2,Probe
155.245.57.142,117,3389,448,TCP,52,3,BruteForce
71.191.234.94,276,30783,191,TCP,94,2,Probe
182.237.38.19,684,8080,87,HTTPS,2,1,DoS
204.71.149.127,60,21,443,TCP,28,3,BruteForce
93.116.57.204,226,13638,114,ICMP,82,2,Probe
59.231.39.97,856,8080,27,UDP,9,1,DoS
1.125.124.125,32,80,911,HTTPS,234,0,Normal
150.71.107.6,1,443,799,ICMP,255,0,Normal
137.191.145.205,950,443,2,ICMP,2,1,DoS
91.24.215.212,298,44390,122,HTTPS,39,2,Probe
6.165.89.104,11,80,900,HTTPS,140,0,Normal
5.128.232.154,142,22,380,HTTP,47,3,BruteForce
44.129.203.206,113,22,216,ICMP,22,3,BruteForce
66.217.233.42,635,8080,42,TCP,4,1,DoS
33.37.193.14,15,443,1077,HTTP,238,0,Normal
12.114.120.6,1915,8080,59,TCP,9,1,DoS
65.13.213.182,72,22,291,TCP,39,3,BruteForce
211.234.220.89,781,80,85,TCP,6,1,DoS
159.71.67.246,1746,80,26,HTTP,10,1,DoS
86.122.148.110,185,41307,97,TCP,82,2,Probe
219.49.148.240,1038,443,21,UDP,6,1,DoS
99.19.12.21,1,80,524,HTTPS,153,0,Normal
139.122.98.73,1397,443,19,ICMP,4,1,DoS
102.16.89.106,187,5359,93,HTTPS,111,2,Probe
178.133.72.123,621,443,7,UDP,9,1,DoS
222.249.159.39,279,32431,96,HTTPS,76,2,Probe
167.242.179.92,248,28176,138,TCP,55,2,Probe
148.5.198.68,40,443,1074,HTTPS,179,0,Normal
132.53.44.191,1945,8080,91,HTTP,7,1,DoS
92.155.162.51,129,21,365,HTTPS,29,3,BruteForce
139.242.3.102,112,22,455,TCP,54,3,BruteForce
88.58.219.189,1408,80,15,TCP,4,1,DoS
49.198.246.48,44,443,986,UDP,188,0,Normal
216.73.134.197,1,443,534,TCP,185,0,Normal
134.170.158.90,36,80,730,HTTP,69,0,Normal
94.198.112.163,101,22,370,HTTPS,38,3,BruteForce
132.211.128.137,251,44095,79,ICMP,113,2,Probe
129.127.250.215,300,22684,90,HTTPS,80,2,Probe
89.86.221.90,26,80,1115,HTTP,140,0,Normal
138.73.215.232,19,443,1216,UDP,98,0,Normal
69.145.121.137,1853,8080,47,UDP,5,1,DoS
109.40.204.192,103,3389,412,UDP,55,3,BruteForce
119.63.77.69,1966,80,69,TCP,8,1,DoS
87.83.53.230,277,58937,133,ICMP,64,2,Probe
1.170.129.204,253,11791,194,UDP,108,2,Probe
106.107.245.120,125,3389,405,HTTPS,16,3,BruteForce
111.15.238.136,69,22,215,HTTPS,27,3,BruteForce
213.10.98.110,21,80,742,TCP,84,0,Normal
70.246.242.212,1840,80,30,HTTP,8,1,DoS
100.53.2.189,1806,80,84,UDP,9,1,DoS
85.6.90.72,618,443,97,UDP,7,1,DoS
22.174.145.41,94,22,364,UDP,44,3,BruteForce
165.27.229.81,894,80,42,ICMP,9,1,DoS
36.208.157.214,48,443,741,HTTPS,285,0,Normal
90.87.30.58,1868,8080,87,ICMP,9,1,DoS
104.215.92.174,1995,8080,32,ICMP,3,1,DoS
169.66.47.110,26,80,813,ICMP,33,0,Normal
169.65.113.56,35,80,1017,ICMP,85,0,Normal
158.169.250.17,1022,8080,7,TCP,7,1,DoS
134.19.171.0,1296,443,37,TCP,8,1,DoS
202.236.234.166,836,8080,80,HTTP,2,1,DoS
8.114.23.46,228,15473,87,TCP,89,2,Probe
23.14.254.63,59,3389,480,HTTP,22,3,BruteForce
214.61.96.190,178,9072,73,UDP,67,2,Probe
25.111.70.8,197,10379,72,ICMP,43,2,Probe
116.88.106.195,78,22,101,ICMP,50,3,BruteForce
20.50.41.172,67,21,119,ICMP,29,3,BruteForce
77.155.153.183,61,3389,391,TCP,36,3,BruteForce
184.50.240.52,221,36521,105,HTTPS,93,2,Probe
11.6.119.196,37,80,666,HTTPS,252,0,Normal
91.216.86.137,26,80,785,HTTPS,166,0,Normal
159.156.85.154,1572,443,97,TCP,2,1,DoS
139.11.161.200,950,8080,34,TCP,1,1,DoS
125.191.109.165,1643,443,92,HTTP,5,1,DoS
7.244.172.46,1186,80,47,TCP,3,1,DoS
29.171.28.197,2,443,1408,TCP,49,0,Normal
173.13.72.158,1185,8080,100,UDP,7,1,DoS
176.210.238.212,219,49214,152,TCP,31,2,Probe
156.97.152.213,115,21,186,ICMP,14,3,BruteForce
103.105.239.85,1836,443,69,HTTP,10,1,DoS
174.184.188.100,81,22,445,HTTPS,16,3,BruteForce
88.8.149.121,125,21224,77,HTTPS,38,2,Probe
193.211.226.115,1483,80,42,HTTPS,3,1,DoS
171.125.236.232,1582,8080,32,TCP,2,1,DoS
177.243.200.15,1813,443,38,ICMP,5,1,DoS
3.29.254.32,2,80,1264,UDP,115,0,Normal
42.149.224.97,194,41661,114,HTTP,56,2,Probe
215.119.54.151,139,8653,76,HTTP,73,2,Probe
41.9.180.106,135,8315,73,HTTP,61,2,Probe
89.154.65.113,914,8080,99,HTTPS,10,1,DoS
43.249.85.195,945,443,3,ICMP,3,1,DoS
28.203.243.33,132,22,398,HTTPS,34,3,BruteForce
29.43.16.88,790,8080,55,TCP,8,1,DoS
177.42.59.250,123,27004,190,HTTP,43,2,Probe
176.199.238.253,166,4672,95,UDP,104,2,Probe
121.20.14.164,53,3389,231,ICMP,17,3,BruteForce
118.69.250.95,163,10041,52,HTTPS,120,2,Probe
166.45.121.81,20,80,1433,TCP,58,0,Normal
145.167.218.45,1828,80,46,TCP,7,1,DoS
19.180.1.83,96,21,324,TCP,59,3,BruteForce
151.132.43.49,131,22,125,ICMP,12,3,BruteForce
48.210.128.149,1997,80,15,UDP,2,1,DoS
66.148.123.127,1375,8080,68,HTTPS,4,1,DoS
19.105.15.189,771,80,65,ICMP,2,1,DoS
202.238.58.111,94,3389,223,ICMP,56,3,BruteForce
25.220.204.1,994,80,24,HTTPS,3,1,DoS
12.214.215.98,48,80,1190,ICMP,11,0,Normal
190.58.164.55,1183,443,27,UDP,6,1,DoS
140.218.170.240,54,3389,291,HTTPS,24,3,BruteForce
78.191.47.28,27,80,821,HTTPS,295,0,Normal
185.169.86.191,26,80,1365,ICMP,43,0,Normal
207.57.162.226,1796,443,56,UDP,8,1,DoS
218.172.195.114,1980,8080,61,HTTPS,4,1,DoS
138.101.133.123,261,64132,83,HTTPS,92,2,Probe
41.63.240.31,1,80,565,HTTPS,244,0,Normal
39.32.124.37,201,45246,122,TCP,52,2,Probe
72.12.2.131,1180,8080,54,HTTP,8,1,DoS
74.225.248.166,97,21,159,HTTPS,34,3,BruteForce
55.132.9.198,825,8080,13,UDP,6,1,DoS
47.204.213.224,100,21,215,HTTP,53,3,BruteForce
218.215.221.188,78,22,125,HTTP,14,3,BruteForce
46.169.183.54,113,3389,307,UDP,12,3,BruteForce
1.204.251.61,56,22,214,ICMP,29,3,BruteForce
56.127.135.236,30,80,724,TCP,241,0,Normal
91.103.15.114,25,443,1006,UDP,290,0,Normal
111.9.150.73,1962,80,39,UDP,9,1,DoS
14.125.107.182,1011,443,80,UDP,3,1,DoS
85.46.4.55,1788,443,29,UDP,6,1,DoS
93.51.108.89,179,49608,103,HTTPS,82,2,Probe
32.237.99.64,141,63484,125,HTTPS,101,2,Probe
129.73.19.217,950,8080,91,ICMP,6,1,DoS
147.18.14.85,33,80,1216,ICMP,121,0,Normal
149.211.230.242,129,5057,115,HTTPS,112,2,Probe
33.64.139.42,150,9673,188,ICMP,107,2,Probe
163.48.172.106,103,51242,83,HTTPS,48,2,Probe
129.251.114.158,106,3389,178,TCP,47,3,BruteForce
186.144.177.175,79,3389,363,TCP,20,3,BruteForce
65.221.92.246,23,443,1441,HTTP,272,0,Normal
189.37.175.16,23,80,624,HTTPS,236,0,Normal
176.182.230.99,1330,443,57,UDP,3,1,DoS
85.164.184.52,22,443,669,TCP,162,0,Normal
198.180.10.85,95,3389,308,HTTPS,42,3,BruteForce
147.62.161.75,15,443,600,HTTPS,61,0,Normal
201.191.64.134,13,80,769,TCP,153,0,Normal
38.19.104.160,26,443,1144,HTTP,20,0,Normal
187.219.150.243,181,45080,114,UDP,93,2,Probe
54.151.216.87,32,80,759,UDP,52,0,Normal
222.142.79.131,33,80,655,HTTP,283,0,Normal
44.247.111.119,112,63298,187,HTTPS,97,2,Probe
167.1.161.228,4,443,530,TCP,283,0,Normal
33.82.226.109,19,443,1486,UDP,178,0,Normal
117.238.109.250,1255,443,41,UDP,3,1,DoS
84.185.240.191,121,3389,341,UDP,52,3,BruteForce
165.149.178.13,92,21,377,TCP,36,3,BruteForce
176.71.5.17,90,3389,225,TCP,32,3,BruteForce
220.213.162.227,622,80,43,UDP,5,1,DoS
98.8.178.125,1788,80,48,HTTP,10,1,DoS
133.124.110.199,99,21,143,HTTPS,32,3,BruteForce
171.121.187.132,45,80,787,HTTPS,131,0,Normal
8.11.58.197,174,34179,175,ICMP,62,2,Probe
58.224.129.70,1257,80,53,ICMP,2,1,DoS
194.148.96.115,1956,80,22,HTTPS,2,1,DoS
206.230.134.205,296,24849,102,UDP,30,2,Probe
37.106.145.164,1881,80,97,ICMP,1,1,DoS
19.217.255.11,33,80,1050,HTTP,9,0,Normal
29.168.38.222,70,21,311,UDP,58,3,BruteForce
122.209.157.109,9,80,1388,ICMP,231,0,Normal
4.124.147.170,100,38053,123,HTTP,103,2,Probe
49.229.153.123,127,41592,116,ICMP,75,2,Probe
31.223.45.206,1353,8080,42,ICMP,7,1,DoS
131.48.137.246,22,443,501,TCP,201,0,Normal
6.116.18.129,35,443,548,ICMP,111,0,Normal
193.142.245.75,193,11046,166,TCP,85,2,Probe
70.33.116.114,168,46674,167,UDP,31,2,Probe
214.204.58.171,46,80,568,TCP,160,0,Normal
161.54.21.103,290,23531,186,ICMP,116,2,Probe
84.135.176.144,51,21,111,UDP,42,3,BruteForce
165.14.223.234,50,80,813,HTTPS,39,0,Normal
179.8.126.13,45,443,540,HTTPS,13,0,Normal
131.132.168.185,109,3389,349,TCP,13,3,BruteForce
51.136.19.13,56,21,351,HTTP,56,3,BruteForce
50.116.121.204,107,21,441,UDP,49,3,BruteForce
154.180.107.83,255,16748,156,TCP,93,2,Probe
105.79.0.49,27,443,825,HTTPS,64,0,Normal
185.37.125.190,239,59819,108,HTTPS,53,2,Probe
175.199.192.250,213,44731,73,ICMP,51,2,Probe
139.142.134.197,45,443,1189,HTTPS,38,0,Normal
50.72.179.31,34,443,915,ICMP,157,0,Normal
36.219.68.105,274,10966,191,UDP,74,2,Probe
91.103.187.113,130,3389,214,TCP,32,3,BruteForce
22.45.175.185,702,80,56,UDP,3,1,DoS
87.115.117.173,132,21,311,ICMP,30,3,BruteForce
117.73.239.57,1079,8080,87,HTTP,9,1,DoS
25.189.174.105,37,443,969,HTTP,6,0,Normal
84.181.236.132,1849,443,60,UDP,8,1,DoS
203.87.232.19,117,3389,362,HTTP,42,3,BruteForce
115.221.76.243,291,8443,130,HTTP,105,2,Probe
178.150.184.97,24,443,1164,TCP,243,0,Normal
144.48.187.130,147,53771,183,ICMP,87,2,Probe
203.82.154.31,102,62731,188,UDP,116,2,Probe
26.208.158.231,147,22,426,UDP,34,3,BruteForce
223.150.247.148,246,7441,183,HTTPS,76,2,Probe
212.78.3.113,69,21,372,UDP,12,3,BruteForce
25.153.200.219,1788,80,27,UDP,8,1,DoS
193.45.20.117,129,64886,56,HTTPS,101,2,Probe
41.127.198.0,47,443,1137,TCP,222,0,Normal
62.15.164.241,80,22,455,TCP,55,3,BruteForce
137.230.182.104,4,443,1162,UDP,34,0,Normal
72.43.233.202,40,80,1283,UDP,110,0,Normal
207.98.86.6,3,80,531,UDP,162,0,Normal
12.240.143.161,252,40612,89,HTTPS,70,2,Probe
155.196.152.93,13,443,507,UDP,121,0,Normal
142.23.125.215,21,443,721,HTTPS,73,0,Normal
1.80.226.49,124,12451,84,ICMP,119,2,Probe
172.59.208.128,1271,80,72,TCP,10,1,DoS
86.180.124.196,117,21,224,TCP,12,3,BruteForce
157.28.93.11,157,23264,191,TCP,45,2,Probe
36.158.131.111,145,22,128,TCP,26,3,BruteForce
35.35.194.44,265,27932,171,TCP,49,2,Probe
145.11.47.73,187,58382,172,TCP,68,2,Probe
134.56.236.230,66,21,126,HTTP,48,3,BruteForce
73.124.248.100,248,48499,141,TCP,46,2,Probe
132.234.121.47,204,61163,172,HTTP,68,2,Probe
109.28.114.119,224,38127,118,UDP,72,2,Probe
162.219.111.158,1575,8080,81,TCP,3,1,DoS
117.154.13.243,1479,80,93,TCP,10,1,DoS
123.145.79.10,1171,80,87,TCP,2,1,DoS
156.65.77.14,139,41937,52,HTTPS,86,2,Probe
73.209.66.169,12,443,1095,TCP,119,0,Normal
124.29.137.134,104,22,184,HTTP,29,3,BruteForce
156.118.63.183,73,21,427,ICMP,36,3,BruteForce
177.240.191.5,213,18307,74,HTTP,98,2,Probe
19.115.253.136,67,3389,275,HTTPS,24,3,BruteForce
84.37.224.133,176,7114,51,UDP,80,2,Probe
11.212.66.90,739,8080,22,TCP,1,1,DoS
143.191.21.184,111,21,459,HTTP,41,3,BruteForce
49.41.10.174,33,80,1250,HTTP,117,0,Normal
188.105.218.45,148,3389,214,TCP,38,3,BruteForce
156.95.73.145,587,443,86,UDP,7,1,DoS
205.38.109.90,10,443,1488,ICMP,201,0,Normal
65.178.114.193,252,35105,125,UDP,90,2,Probe
110.157.252.247,166,60834,139,UDP,30,2,Probe
86.81.51.37,22,80,758,HTTP,36,0,Normal
18.251.246.145,26,443,691,HTTP,254,0,Normal
187.63.167.128,29,80,573,HTTPS,85,0,Normal
210.223.39.145,144,21,183,ICMP,49,3,BruteForce
90.153.212.62,89,22,407,ICMP,50,3,BruteForce
178.234.162.247,169,27326,85,UDP,67,2,Probe
43.29.62.32,31,443,1175,UDP,139,0,Normal
49.71.27.225,261,31938,99,UDP,115,2,Probe
120.63.4.111,535,8080,73,HTTP,9,1,DoS
3.21.18.25,21,80,623,UDP,286,0,Normal
140.206.110.222,1829,80,75,HTTPS,3,1,DoS
13.150.220.20,105,11377,93,TCP,93,2,Probe
95.125.226.36,26,80,1385,HTTPS,109,0,Normal
70.115.74.180,77,3389,226,UDP,49,3,BruteForce
171.133.249.140,17,443,525,HTTPS,253,0,Normal
25.239.77.126,1700,8080,52,HTTPS,10,1,DoS
211.200.218.90,61,22,233,ICMP,55,3,BruteForce
103.89.48.127,151,16011,106,ICMP,113,2,Probe
21.85.24.219,148,3389,228,HTTP,57,3,BruteForce
106.142.69.49,2,443,794,TCP,171,0,Normal
11.54.163.84,8,443,1360,ICMP,292,0,Normal
133.190.78.21,219,22867,112,UDP,117,2,Probe
183.109.57.186,13,443,939,TCP,282,0,Normal
191.236.207.239,141,3389,118,HTTP,53,3,BruteForce
27.8.24.225,257,24777,150,HTTP,84,2,Probe
154.198.157.146,55,22,444,TCP,30,3,BruteForce
184.32.66.30,204,3542,138,HTTP,86,2,Probe
144.237.46.130,225,44405,157,ICMP,109,2,Probe
64.219.218.62,142,51651,69,HTTPS,76,2,Probe
75.22.4.157,134,3389,102,ICMP,46,3,BruteForce
115.134.219.55,121,22,131,HTTP,24,3,BruteForce
48.35.3.88,110,36364,120,HTTP,38,2,Probe
4.32.48.35,188,21237,96,UDP,118,2,Probe
169.77.48.185,119,3389,360,ICMP,29,3,BruteForce
43.118.249.206,33,443,563,HTTP,130,0,Normal
17.243.116.110,118,3389,307,ICMP,17,3,BruteForce
51.17.234.200,91,22,338,UDP,46,3,BruteForce
157.156.224.133,144,12583,160,HTTP,99,2,Probe
171.135.21.175,57,3389,479,UDP,53,3,BruteForce
104.126.42.56,174,969,94,TCP,106,2,Probe
83.115.179.239,104,3389,383,ICMP,36,3,BruteForce
206.251.155.71,147,22,432,HTTPS,33,3,BruteForce
41.128.97.10,142,31938,60,ICMP,53,2,Probe
40.14.90.69,50,443,1013,HTTPS,41,0,Normal
185.128.67.55,6,80,549,HTTPS,257,0,Normal
111.88.48.49,76,3389,252,ICMP,14,3,BruteForce
1.164.104.25,63,3389,417,ICMP,18,3,BruteForce
164.48.82.214,32,443,1425,ICMP,176,0,Normal
24.205.161.246,66,3389,197,ICMP,49,3,BruteForce
139.20.164.6,1258,443,1,TCP,10,1,DoS
15.16.245.29,30,80,919,UDP,168,0,Normal
157.13.162.75,750,80,80,ICMP,2,1,DoS
40.210.180.132,5,443,989,ICMP,76,0,Normal
35.45.80.27,43,443,590,HTTP,250,0,Normal
184.190.136.149,42,80,892,TCP,50,0,Normal
156.186.103.80,769,443,65,UDP,5,1,DoS
18.74.215.116,1706,8080,80,TCP,5,1,DoS
103.146.71.32,22,80,737,HTTPS,80,0,Normal
8.215.233.141,522,8080,46,UDP,6,1,DoS
106.128.158.227,140,22,342,UDP,44,3,BruteForce
144.248.56.242,44,443,944,HTTP,75,0,Normal
118.17.231.135,1498,80,38,HTTPS,6,1,DoS
106.201.82.101,1417,443,46,ICMP,10,1,DoS
175.81.159.109,624,8080,25,ICMP,8,1,DoS
62.73.45.233,670,443,42,ICMP,4,1,DoS
8.171.254.34,1733,80,33,ICMP,2,1,DoS
99.84.242.103,8,443,591,UDP,182,0,Normal
215.109.223.32,879,8080,15,HTTP,9,1,DoS
58.13.202.204,633,80,3,TCP,7,1,DoS
103.105.154.191,723,80,80,ICMP,8,1,DoS
106.151.212.128,96,21,398,UDP,32,3,BruteForce
162.51.180.157,69,21,235,HTTPS,34,3,BruteForce
22.91.129.137,152,20548,112,HTTP,112,2,Probe
18.253.219.244,60,22,436,UDP,48,3,BruteForce
171.239.215.163,1,443,1124,HTTPS,220,0,Normal
59.70.100.3,155,60472,81,HTTP,70,2,Probe
188.79.239.40,142,22,152,TCP,19,3,BruteForce
168.180.131.238,185,9111,108,UDP,99,2,Probe
210.152.52.164,107,47985,146,HTTP,61,2,Probe
217.223.101.203,563,8080,42,UDP,6,1,DoS
95.214.168.73,1872,8080,4,ICMP,8,1,DoS
145.43.18.243,118,21,459,UDP,18,3,BruteForce
154.182.254.131,1058,80,100,HTTP,8,1,DoS
43.25.26.250,231,43304,134,HTTPS,113,2,Probe
188.128.159.227,1053,443,64,ICMP,4,1,DoS
178.245.168.161,104,7033,125,HTTP,44,2,Probe
11.162.51.74,7,443,1333,HTTPS,181,0,Normal
27.60.108.199,1510,8080,88,HTTPS,3,1,DoS
115.128.143.156,115,3389,265,TCP,16,3,BruteForce
122.234.47.32,50,443,654,HTTPS,132,0,Normal
23.97.121.7,1856,443,71,UDP,1,1,DoS
78.183.52.46,105,22,271,TCP,13,3,BruteForce
86.199.231.68,55,21,247,UDP,27,3,BruteForce
179.128.208.33,253,1342,85,TCP,33,2,Probe
31.178.225.107,1970,8080,68,HTTP,9,1,DoS
103.125.91.165,258,51886,97,TCP,88,2,Probe
223.172.170.192,272,21966,81,UDP,59,2,Probe
39.38.45.113,127,21,171,HTTPS,46,3,BruteForce
178.32.53.222,1509,8080,62,HTTP,7,1,DoS
78.147.56.243,256,61086,181,HTTP,53,2,Probe
205.87.149.160,19,80,1468,HTTP,7,0,Normal
133.194.78.107,34,80,1254,UDP,119,0,Normal
4.159.99.155,38,80,1185,UDP,74,0,Normal
116.130.191.86,80,21,359,ICMP,30,3,BruteForce
19.245.254.142,137,32428,97,UDP,76,2,Probe
20.151.143.177,1571,80,89,UDP,5,1,DoS
104.118.94.211,4,80,658,TCP,116,0,Normal
147.250.0.230,145,21,415,ICMP,39,3,BruteForce
103.106.73.73,43,80,596,TCP,6,0,Normal
128.82.111.45,53,22,124,HTTP,39,3,BruteForce
124.109.239.44,207,44150,180,HTTP,120,2,Probe
24.233.202.138,597,80,26,HTTPS,1,1,DoS
215.179.169.58,192,51440,66,TCP,78,2,Probe
163.43.129.204,1011,80,69,HTTP,4,1,DoS
155.65.61.112,110,39064,117,HTTP,84,2,Probe
73.49.68.235,12,443,1449,HTTP,200,0,Normal
73.236.181.54,139,3389,309,TCP,10,3,BruteForce
189.222.177.15,1258,8080,68,HTTPS,5,1,DoS
78.31.14.134,71,21,238,HTTP,41,3,BruteForce
37.116.143.245,22,443,663,TCP,140,0,Normal
91.107.231.127,251,26571,156,HTTPS,97,2,Probe
162.128.13.95,39,80,1430,HTTPS,107,0,Normal
141.32.253.224,18,443,813,HTTPS,11,0,Normal
149.10.9.138,1324,443,77,UDP,9,1,DoS
35.154.133.227,542,443,49,UDP,5,1,DoS
205.255.150.42,38,443,776,TCP,263,0,Normal
18.253.57.42,88,21,305,UDP,56,3,BruteForce
99.34.50.151,86,22,382,ICMP,47,3,BruteForce
147.88.121.248,1264,8080,76,TCP,9,1,DoS
202.112.244.194,661,443,36,UDP,6,1,DoS
170.79.24.208,8,80,1020,HTTPS,91,0,Normal
121.245.29.110,143,22,352,HTTP,33,3,BruteForce
200.11.91.76,96,21,300,HTTPS,14,3,BruteForce
153.110.179.16,104,7303,126,HTTP,107,2,Probe
7.229.83.114,113,9735,158,ICMP,58,2,Probe
34.200.47.63,202,55938,83,HTTP,39,2,Probe
188.131.185.144,27,80,671,HTTPS,18,0,Normal
31.60.64.245,271,56815,82,UDP,54,2,Probe
132.165.158.224,154,19493,55,HTTPS,44,2,Probe
219.136.242.210,62,3389,108,HTTPS,16,3,BruteForce
160.242.11.16,235,9653,120,ICMP,117,2,Probe
212.12.237.94,1481,443,92,UDP,9,1,DoS
161.93.61.109,85,21,496,ICMP,26,3,BruteForce
37.100.81.161,1110,443,52,HTTP,7,1,DoS
47.120.170.111,16,443,1237,TCP,97,0,Normal
210.163.231.158,1494,8080,98,UDP,8,1,DoS
217.198.85.12,110,30017,51,TCP,120,2,Probe
170.106.6.197,10,443,1166,TCP,212,0,Normal
193.62.229.36,29,443,541,UDP,72,0,Normal
58.100.9.251,6,80,1211,HTTP,113,0,Normal
115.165.44.99,32,443,1103,HTTPS,276,0,Normal
158.33.121.159,137,7460,99,UDP,31,2,Probe
37.18.175.227,1317,80,76,HTTPS,1,1,DoS
203.132.155.154,8,80,702,HTTPS,45,0,Normal
99.15.112.27,12,80,598,HTTPS,48,0,Normal
121.159.179.60,68,22,412,HTTP,33,3,BruteForce
60.42.51.249,3,80,1052,TCP,167,0,Normal
9.120.48.129,20,80,1382,HTTPS,203,0,Normal
219.201.223.62,24,80,737,HTTP,185,0,Normal
149.98.110.151,111,3389,403,UDP,58,3,BruteForce
92.84.133.58,4,443,586,HTTPS,224,0,Normal
189.221.97.76,984,80,92,ICMP,9,1,DoS
153.229.231.31,500,443,64,ICMP,5,1,DoS
169.189.29.180,73,21,439,TCP,33,3,BruteForce
141.244.193.78,1472,8080,74,TCP,8,1,DoS
28.44.165.179,886,8080,83,UDP,8,1,DoS
37.78.100.6,1972,80,11,ICMP,2,1,DoS
218.89.100.48,131,31641,179,HTTP,79,2,Probe
125.77.229.209,32,443,720,TCP,33,0,Normal
175.33.132.149,151,1094,96,UDP,43,2,Probe
153.44.82.41,1897,8080,19,HTTPS,8,1,DoS
151.138.188.73,35,443,557,HTTP,140,0,Normal
83.118.89.110,127,21,354,ICMP,47,3,BruteForce
136.88.109.93,138,52219,91,UDP,35,2,Probe
199.32.179.114,247,55899,167,ICMP,75,2,Probe
3.225.185.34,90,22,384,TCP,24,3,BruteForce
133.58.96.0,1590,8080,37,TCP,2,1,DoS
154.14.167.134,743,443,99,HTTPS,1,1,DoS
126.77.67.162,108,21,195,UDP,14,3,BruteForce
67.147.66.215,12,443,1038,UDP,128,0,Normal
55.148.50.153,134,45649,76,HTTP,85,2,Probe
220.127.246.217,1,80,948,TCP,292,0,Normal
71.244.9.113,49,443,601,HTTP,177,0,Normal
181.172.134.166,27,443,1393,HTTP,234,0,Normal
126.196.135.188,148,35377,92,ICMP,111,2,Probe
78.81.82.249,107,26006,66,HTTP,100,2,Probe
82.163.151.60,30,80,1043,HTTP,250,0,Normal
2.215.113.67,71,21,379,HTTP,41,3,BruteForce
223.25.199.219,1657,443,84,HTTPS,4,1,DoS
20.18.193.128,116,15746,165,ICMP,111,2,Probe
26.248.185.158,245,57022,107,TCP,68,2,Probe
145.164.247.189,1111,80,14,TCP,9,1,DoS
88.186.146.42,1186,443,81,HTTP,2,1,DoS
209.41.214.213,152,33496,65,HTTPS,47,2,Probe
45.95.191.164,1532,80,40,TCP,5,1,DoS
106.224.163.102,1539,443,65,HTTPS,4,1,DoS
166.144.235.5,107,26891,158,TCP,50,2,Probe
124.53.167.102,11,80,993,HTTPS,252,0,Normal
93.190.219.91,236,991,75,HTTPS,101,2,Probe
131.215.191.120,162,51729,67,HTTPS,116,2,Probe
13.246.186.66,248,61032,145,HTTPS,112,2,Probe
159.20.46.232,147,16243,153,TCP,118,2,Probe
28.116.12.77,71,3389,421,ICMP,36,3,BruteForce
54.12.242.156,1092,443,87,ICMP,10,1,DoS
44.141.50.217,147,3389,175,HTTPS,14,3,BruteForce
30.42.6.116,35,80,1086,HTTPS,140,0,Normal
171.70.221.118,110,22,357,HTTPS,58,3,BruteForce
46.14.56.114,19,80,853,UDP,46,0,Normal
193.43.156.107,1860,443,79,HTTPS,1,1,DoS
112.107.186.44,98,22,346,HTTPS,56,3,BruteForce
67.204.254.222,171,26205,127,TCP,91,2,Probe
163.237.85.37,20,443,665,UDP,38,0,Normal
180.223.71.126,215,64922,140,HTTPS,119,2,Probe
208.24.116.243,90,21,366,UDP,38,3,BruteForce
108.169.240.234,102,35678,129,UDP,67,2,Probe
151.36.58.144,292,55683,96,ICMP,44,2,Probe
131.133.92.34,100,3389,213,HTTPS,46,3,BruteForce
82.180.162.150,78,3389,147,UDP,36,3,BruteForce
135.173.152.159,21,443,1296,UDP,105,0,Normal
100.200.196.183,1862,443,64,HTTPS,4,1,DoS
57.136.168.138,1881,80,13,HTTP,2,1,DoS
21.169.205.25,1460,8080,42,TCP,5,1,DoS
189.80.211.9,1620,80,67,UDP,4,1,DoS
195.33.43.179,848,80,71,UDP,10,1,DoS
209.191.6.6,16,443,1304,UDP,213,0,Normal
181.44.91.154,1606,80,64,TCP,10,1,DoS
148.179.199.176,139,18513,52,HTTPS,41,2,Probe
60.88.221.81,855,443,5,TCP,3,1,DoS
14.181.63.131,149,22,391,HTTPS,39,3,BruteForce
190.47.76.160,236,49034,80,ICMP,55,2,Probe
17.2.230.75,258,41227,136,HTTP,32,2,Probe
139.184.81.125,212,10199,72,ICMP,112,2,Probe
45.204.70.246,664,80,98,ICMP,1,1,DoS
135.237.197.216,142,21,137,HTTP,10,3,BruteForce
14.165.208.23,40,443,1365,ICMP,233,0,Normal
220.155.197.120,81,22,104,UDP,33,3,BruteForce
175.75.102.36,19,443,1154,UDP,276,0,Normal
76.239.91.133,9,443,514,ICMP,56,0,Normal
139.152.205.76,1032,80,30,TCP,6,1,DoS
210.221.229.59,105,21,106,TCP,44,3,BruteForce
145.196.74.55,35,80,1133,HTTP,27,0,Normal
190.218.165.112,69,21,346,HTTPS,38,3,BruteForce
153.16.234.220,269,16024,51,HTTP,89,2,Probe
59.98.227.157,117,3389,446,HTTP,39,3,BruteForce
66.130.5.32,1211,80,91,HTTP,1,1,DoS
147.231.143.223,29,80,615,HTTPS,281,0,Normal
42.254.46.127,229,40550,193,HTTP,113,2,Probe
153.211.1.17,148,22889,172,TCP,92,2,Probe
146.95.240.197,254,13842,196,HTTPS,119,2,Probe
97.93.194.79,42,443,506,UDP,189,0,Normal
105.151.83.172,280,43146,176,HTTP,38,2,Probe
36.27.236.210,46,80,898,TCP,84,0,Normal
78.27.146.123,140,22,496,HTTPS,59,3,BruteForce
7.67.207.155,279,52782,73,TCP,69,2,Probe
33.249.109.33,680,443,87,UDP,9,1,DoS
4.147.81.186,292,37259,86,ICMP,83,2,Probe
78.213.225.60,119,22,396,UDP,23,3,BruteForce
150.69.227.132,34,80,903,TCP,253,0,Normal
187.17.86.57,128,21,402,HTTPS,37,3,BruteForce
168.192.129.125,52,22,362,UDP,16,3,BruteForce
52.245.121.14,238,49886,89,ICMP,56,2,Probe
182.230.192.205,1951,80,42,HTTPS,2,1,DoS
62.58.0.253,109,22,468,HTTPS,57,3,BruteForce
60.228.67.11,217,36276,171,TCP,49,2,Probe
139.190.186.139,158,61344,144,ICMP,80,2,Probe
155.227.158.149,1630,8080,73,UDP,10,1,DoS
47.165.251.138,157,45119,132,ICMP,111,2,Probe
10.91.131.30,119,3389,188,ICMP,40,3,BruteForce
138.118.247.82,50,80,1157,HTTP,82,0,Normal
142.43.188.5,20,80,1285,HTTP,200,0,Normal
187.101.79.234,135,3389,472,TCP,41,3,BruteForce
141.131.93.66,1309,443,34,ICMP,8,1,DoS
55.169.16.63,1808,80,43,HTTPS,7,1,DoS
11.9.57.219,12,443,1051,TCP,109,0,Normal
192.19.101.92,256,50436,159,HTTP,114,2,Probe
162.0.46.45,184,9529,64,HTTPS,35,2,Probe
160.189.231.96,207,37849,163,HTTP,90,2,Probe
206.61.153.111,1996,443,43,UDP,10,1,DoS
132.194.161.169,141,22,331,TCP,36,3,BruteForce
37.133.182.55,42,80,1389,ICMP,293,0,Normal
130.132.203.204,25,80,1226,TCP,147,0,Normal
163.111.230.55,1506,8080,42,TCP,2,1,DoS
97.76.10.41,28,443,571,TCP,145,0,Normal
86.181.152.67,677,443,81,ICMP,9,1,DoS
81.240.26.5,7,443,814,TCP,105,0,Normal
210.241.45.141,247,39162,107,ICMP,87,2,Probe
196.8.146.199,83,21,143,TCP,28,3,BruteForce
183.191.32.135,84,3389,118,ICMP,21,3,BruteForce
46.31.76.64,100,55705,68,HTTP,76,2,Probe
40.86.86.213,810,80,63,HTTPS,8,1,DoS
187.173.23.200,195,49269,145,UDP,115,2,Probe
154.71.133.147,187,26646,115,ICMP,76,2,Probe
200.200.193.77,58,3389,384,UDP,43,3,BruteForce
60.230.46.205,80,22,149,HTTPS,10,3,BruteForce
179.189.126.130,230,43475,176,ICMP,95,2,Probe
4.222.210.103,257,61418,191,TCP,98,2,Probe
108.95.184.255,138,21,139,TCP,15,3,BruteForce
92.214.16.53,1831,8080,60,HTTP,4,1,DoS
191.215.214.13,132,52426,186,ICMP,93,2,Probe
159.141.96.176,19,80,533,HTTPS,98,0,Normal
4.233.74.48,101,46374,127,HTTPS,91,2,Probe
14.43.241.3,99,21,323,HTTPS,23,3,BruteForce
77.81.164.172,167,64626,53,HTTP,31,2,Probe
163.241.147.136,104,21,165,UDP,25,3,BruteForce
202.110.189.99,995,80,75,UDP,10,1,DoS
213.176.118.56,112,21,339,ICMP,51,3,BruteForce
38.230.131.180,1459,443,35,UDP,2,1,DoS
187.185.13.146,200,26011,123,HTTP,86,2,Probe
103.87.89.179,96,21,275,UDP,36,3,BruteForce
44.0.119.165,614,80,42,UDP,7,1,DoS
25.251.26.152,1551,8080,2,TCP,10,1,DoS
205.166.139.12,117,37995,54,HTTP,38,2,Probe
31.86.135.254,34,80,1088,UDP,195,0,Normal
110.37.111.187,272,40622,151,ICMP,49,2,Probe
84.112.174.6,125,50779,129,HTTP,58,2,Probe
150.151.227.134,213,30030,179,HTTP,77,2,Probe
144.137.229.12,23,443,1358,HTTPS,91,0,Normal
193.109.100.135,40,443,1078,TCP,6,0,Normal
149.214.55.9,1298,443,93,ICMP,2,1,DoS
37.230.171.10,190,34398,88,ICMP,59,2,Probe
122.133.246.123,90,22,108,TCP,26,3,BruteForce
37.57.3.163,139,21,118,TCP,40,3,BruteForce
209.101.31.70,133,21,108,ICMP,51,3,BruteForce
182.6.106.133,758,8080,13,UDP,7,1,DoS
34.113.28.207,38,80,820,TCP,290,0,Normal
122.119.7.71,1163,443,100,HTTPS,5,1,DoS
209.147.183.115,97,21,227,HTTP,10,3,BruteForce
124.168.117.217,29,443,736,TCP,107,0,Normal
38.150.29.25,69,3389,137,HTTP,21,3,BruteForce
120.132.144.189,201,13633,145,ICMP,50,2,Probe
23.145.40.131,125,21,410,HTTPS,27,3,BruteForce
190.109.125.244,66,22,203,ICMP,37,3,BruteForce
179.247.19.248,160,7554,65,ICMP,110,2,Probe
74.162.130.221,917,80,79,UDP,3,1,DoS
88.65.106.99,249,56878,90,HTTPS,59,2,Probe
94.103.158.143,1801,443,77,TCP,5,1,DoS
211.179.56.135,175,54227,186,ICMP,57,2,Probe
93.254.178.39,1118,80,84,HTTPS,8,1,DoS
98.114.64.160,30,443,1069,UDP,67,0,Normal
117.123.179.95,6,80,1354,ICMP,197,0,Normal
172.236.132.100,101,21,358,ICMP,21,3,BruteForce
162.65.141.13,636,443,12,HTTPS,6,1,DoS
170.41.68.192,237,28693,111,TCP,114,2,Probe
205.243.8.196,1019,80,84,UDP,9,1,DoS
5.32.23.40,39,80,806,TCP,60,0,Normal
121.43.120.153,35,443,656,HTTPS,186,0,Normal
148.171.177.10,26,443,1042,TCP,134,0,Normal
144.165.7.169,126,21,484,HTTP,58,3,BruteForce
107.118.91.145,157,6629,117,TCP,58,2,Probe
116.196.103.112,122,48209,186,UDP,113,2,Probe
29.248.65.207,33,443,799,HTTPS,158,0,Normal
210.93.252.227,1150,8080,81,UDP,5,1,DoS
118.145.160.180,63,21,317,UDP,42,3,BruteForce
63.243.147.143,129,16219,192,HTTP,88,2,Probe
195.253.114.23,5,80,702,HTTPS,78,0,Normal
208.209.193.95,18,80,700,HTTPS,140,0,Normal
155.80.17.233,46,80,1447,HTTP,276,0,Normal
140.14.19.25,1192,8080,19,HTTP,3,1,DoS
77.160.28.0,1334,80,43,HTTPS,6,1,DoS
168.173.64.185,71,22,169,UDP,15,3,BruteForce
82.51.115.104,50,443,1395,ICMP,116,0,Normal
218.100.168.144,132,3389,200,HTTPS,44,3,BruteForce
136.21.128.238,23,443,1461,UDP,178,0,Normal
195.187.229.110,123,18174,164,ICMP,91,2,Probe
181.107.185.237,1150,8080,78,HTTPS,9,1,DoS
65.28.161.208,49,443,1122,UDP,135,0,Normal
164.77.113.100,41,80,861,TCP,240,0,Normal
167.122.145.193,30,80,1069,TCP,16,0,Normal
13.10.38.8,1136,8080,79,UDP,9,1,DoS
184.89.117.179,291,17210,153,TCP,41,2,Probe
223.4.133.232,164,62791,67,UDP,48,2,Probe
54.133.116.254,124,3389,324,ICMP,18,3,BruteForce
73.224.244.180,1306,80,15,HTTPS,10,1,DoS
91.36.196.171,1375,8080,72,UDP,9,1,DoS
50.72.198.227,4,80,1218,HTTP,58,0,Normal
84.240.238.54,573,80,33,HTTPS,10,1,DoS
64.253.68.196,53,22,374,HTTP,33,3,BruteForce
91.45.104.245,52,3389,497,HTTP,53,3,BruteForce
41.212.71.87,238,56139,130,HTTP,102,2,Probe
29.182.179.111,14,443,963,HTTP,255,0,Normal
161.200.200.56,91,3389,458,TCP,30,3,BruteForce
185.61.167.211,129,21,171,HTTPS,13,3,BruteForce
3.137.252.16,1861,443,63,ICMP,4,1,DoS
65.95.255.230,136,3389,331,ICMP,60,3,BruteForce
13.235.203.93,46,80,849,UDP,239,0,Normal
17.107.11.215,88,22,460,UDP,10,3,BruteForce
207.57.21.184,37,80,1377,HTTP,262,0,Normal
90.92.251.39,6,80,603,UDP,41,0,Normal
84.177.5.102,1856,443,100,HTTP,9,1,DoS
45.23.120.221,7,80,1159,TCP,77,0,Normal
201.133.170.192,1074,8080,23,TCP,1,1,DoS
138.26.65.119,250,38310,63,ICMP,103,2,Probe
126.68.21.48,241,56547,80,HTTPS,73,2,Probe
85.43.242.126,1525,80,84,HTTPS,9,1,DoS
58.27.79.169,50,80,1447,HTTPS,222,0,Normal
128.79.80.113,83,3389,452,TCP,53,3,BruteForce
37.62.226.129,22,80,1005,HTTPS,199,0,Normal
32.150.65.218,77,21,395,HTTPS,14,3,BruteForce
155.115.198.115,129,3389,475,ICMP,49,3,BruteForce
193.102.131.238,95,21,231,HTTP,49,3,BruteForce
27.224.223.188,202,4375,192,HTTP,94,2,Probe
61.70.176.246,106,22,474,ICMP,37,3,BruteForce
166.55.95.234,23,443,1300,HTTPS,25,0,Normal
161.154.247.102,78,22,378,HTTPS,51,3,BruteForce
175.223.92.248,71,21,235,HTTP,52,3,BruteForce
106.167.158.60,99,22,105,ICMP,24,3,BruteForce
187.123.178.62,101,3389,284,ICMP,24,3,BruteForce
117.180.194.134,16,443,1008,HTTPS,234,0,Normal
149.123.174.201,111,9733,161,UDP,87,2,Probe
180.16.96.171,1008,80,43,TCP,2,1,DoS
5.199.138.251,1003,8080,9,HTTP,8,1,DoS
90.151.241.200,117,31135,164,UDP,55,2,Probe
81.60.167.216,124,37758,191,TCP,102,2,Probe
21.150.174.61,18,443,946,HTTP,75,0,Normal
10.247.204.153,127,3389,284,HTTP,48,3,BruteForce
45.227.113.0,117,22,287,ICMP,13,3,BruteForce
116.205.15.247,1890,443,93,HTTP,9,1,DoS
123.35.120.54,221,47097,123,HTTP,63,2,Probe
28.233.86.242,285,58990,147,TCP,92,2,Probe
151.55.81.87,1656,80,48,UDP,3,1,DoS
178.84.19.59,134,22,479,UDP,45,3,BruteForce
27.235.49.144,197,8751,120,HTTPS,112,2,Probe
197.9.8.191,144,22,299,ICMP,46,3,BruteForce
67.193.13.219,114,22,197,HTTP,49,3,BruteForce
16.89.102.82,20,80,1205,TCP,197,0,Normal
59.3.50.104,28,443,1474,HTTP,88,0,Normal
174.165.177.158,1145,8080,20,HTTPS,2,1,DoS
82.55.144.140,584,443,54,HTTP,10,1,DoS
219.157.187.11,598,80,94,TCP,10,1,DoS
182.137.125.156,169,48456,189,UDP,38,2,Probe
6.24.18.120,1713,8080,29,TCP,2,1,DoS
121.213.96.10,1080,8080,51,ICMP,6,1,DoS
139.185.242.181,50,21,335,ICMP,42,3,BruteForce
198.246.254.136,146,22,225,UDP,44,3,BruteForce
65.31.214.112,40,80,868,ICMP,93,0,Normal
203.71.151.247,110,21,349,HTTPS,17,3,BruteForce
185.102.36.224,67,22,488,UDP,45,3,BruteForce
57.100.19.194,33,80,571,HTTPS,97,0,Normal
204.195.226.244,1458,8080,71,ICMP,5,1,DoS
18.45.198.206,54,3389,100,HTTPS,34,3,BruteForce
209.74.252.112,132,27429,104,ICMP,74,2,Probe
154.0.184.201,52,21,109,ICMP,54,3,BruteForce
212.57.67.230,952,8080,1,HTTPS,9,1,DoS
189.95.115.179,81,22,106,ICMP,49,3,BruteForce
113.79.116.199,137,55098,164,HTTP,48,2,Probe
191.137.27.20,236,27808,130,TCP,79,2,Probe
19.80.216.103,267,20774,81,ICMP,107,2,Probe
125.49.221.34,228,36704,59,TCP,53,2,Probe
62.233.229.141,114,62805,145,HTTP,78,2,Probe
109.138.20.99,691,80,5,TCP,5,1,DoS
165.89.166.232,48,443,1239,UDP,52,0,Normal
59.165.25.220,68,3389,405,ICMP,60,3,BruteForce
59.105.153.174,59,22,427,HTTP,34,3,BruteForce
200.167.215.155,146,46560,193,UDP,31,2,Probe
108.112.243.193,9,80,997,HTTP,164,0,Normal
40.109.144.191,2,80,1109,HTTPS,281,0,Normal
218.72.38.34,153,8522,146,TCP,119,2,Probe
5.134.147.193,107,22,235,HTTPS,17,3,BruteForce
18.212.23.22,1260,80,9,ICMP,5,1,DoS
188.55.207.189,12,80,887,HTTP,27,0,Normal
201.97.147.116,66,21,233,HTTPS,33,3,BruteForce
125.223.30.204,1698,80,68,HTTP,3,1,DoS
212.65.131.111,36,443,701,HTTPS,38,0,Normal
57.120.230.187,3,80,618,HTTP,26,0,Normal
116.178.20.41,44,443,884,UDP,248,0,Normal
86.244.23.98,45,443,1086,TCP,280,0,Normal
192.122.207.199,2,443,869,ICMP,193,0,Normal
204.247.22.18,89,22,247,HTTP,38,3,BruteForce
4.74.248.207,919,443,10,ICMP,9,1,DoS
66.21.145.61,9,80,931,UDP,196,0,Normal
116.202.250.248,569,80,70,HTTP,4,1,DoS
145.197.34.219,1391,80,60,ICMP,7,1,DoS
125.18.211.235,1336,8080,14,HTTP,1,1,DoS
118.52.29.100,1656,443,30,HTTP,10,1,DoS
115.125.113.7,104,22,132,HTTP,45,3,BruteForce
167.25.203.177,80,3389,491,HTTP,33,3,BruteForce
134.199.208.38,37,80,683,HTTP,16,0,Normal
101.140.36.123,200,39075,167,TCP,91,2,Probe
42.151.232.209,126,22,479,TCP,18,3,BruteForce
108.219.47.135,1766,8080,98,TCP,9,1,DoS
186.181.3.139,185,21100,68,HTTPS,47,2,Probe
94.188.150.28,191,58591,140,ICMP,106,2,Probe
191.86.239.121,1719,80,12,ICMP,1,1,DoS
112.159.210.5,58,22,474,TCP,14,3,BruteForce
51.112.202.195,1422,80,67,TCP,1,1,DoS
211.67.74.240,78,21,308,ICMP,15,3,BruteForce
128.161.13.93,812,8080,50,UDP,1,1,DoS
123.209.194.20,1540,80,98,HTTPS,7,1,DoS
8.110.86.166,110,3389,278,HTTPS,60,3,BruteForce
32.220.147.166,36,80,875,UDP,81,0,Normal
87.244.176.57,49,443,603,TCP,60,0,Normal
59.69.244.136,1142,443,56,TCP,8,1,DoS
45.29.58.232,11,80,572,HTTP,279,0,Normal
6.195.97.173,53,3389,258,HTTP,24,3,BruteForce
35.5.239.69,5,80,679,ICMP,178,0,Normal
18.83.223.170,133,3389,248,HTTPS,25,3,BruteForce
36.138.211.255,835,443,51,ICMP,5,1,DoS
88.201.83.36,288,20106,83,ICMP,56,2,Probe
129.18.0.76,21,80,1034,HTTP,135,0,Normal
54.112.153.224,65,3389,100,HTTPS,37,3,BruteForce
27.184.62.126,142,33822,189,HTTP,49,2,Probe
221.233.149.31,150,17900,105,UDP,71,2,Probe
50.76.234.142,69,3389,296,UDP,24,3,BruteForce
179.134.213.225,150,22,467,ICMP,20,3,BruteForce
22.174.225.108,101,22,145,ICMP,29,3,BruteForce
45.62.140.78,8,80,1010,TCP,176,0,Normal
146.144.255.130,811,80,90,HTTPS,4,1,DoS
70.135.151.226,32,80,986,UDP,230,0,Normal
74.89.209.24,73,22,475,UDP,24,3,BruteForce
54.56.200.113,9,80,1267,HTTPS,136,0,Normal
6.180.69.49,32,80,876,HTTPS,71,0,Normal
66.92.6.109,30,80,1030,ICMP,163,0,Normal
102.121.186.22,292,26332,107,TCP,50,2,Probe
21.155.191.225,119,22,360,TCP,27,3,BruteForce
115.198.118.19,4,443,1280,HTTPS,169,0,Normal
176.60.93.50,187,19988,152,HTTP,38,2,Probe
70.206.156.91,538,80,86,ICMP,2,1,DoS
171.54.126.69,105,8769,171,HTTP,34,2,Probe
17.29.20.142,283,31329,174,UDP,35,2,Probe
148.65.72.17,1174,80,40,HTTPS,8,1,DoS
25.200.73.15,1403,8080,28,ICMP,5,1,DoS
140.227.96.213,175,46125,143,HTTPS,31,2,Probe
146.63.129.178,1885,443,80,TCP,9,1,DoS
